game_id,rush_attempt,pass_attempt,sack,passing_yards,rushing_yards,home_team,away_team,total_home_score,total_away_score,is_home_team,win
2024_01_ARI_BUF,26.0,35.0,4.0,162.0,124.0,BUF,ARI,34,28,False,0
2024_01_ARI_BUF,33.0,25.0,2.0,232.0,130.0,BUF,ARI,34,28,True,1
2024_01_BAL_KC,32.0,42.0,1.0,273.0,185.0,KC,BAL,27,20,False,0
2024_01_BAL_KC,20.0,30.0,2.0,291.0,72.0,KC,BAL,27,20,True,1
2024_01_CAR_NO,20.0,35.0,4.0,161.0,58.0,NO,CAR,47,10,False,0
2024_01_CAR_NO,37.0,25.0,1.0,200.0,180.0,NO,CAR,47,10,True,1
2024_01_DAL_CLE,19.0,51.0,6.0,169.0,93.0,CLE,DAL,17,33,True,0
2024_01_DAL_CLE,25.0,35.0,3.0,179.0,102.0,CLE,DAL,17,33,False,1
2024_01_DEN_SEA,25.0,44.0,2.0,138.0,99.0,SEA,DEN,26,20,False,0
2024_01_DEN_SEA,33.0,28.0,2.0,171.0,146.0,SEA,DEN,26,20,True,1
2024_01_GB_PHI,22.0,37.0,2.0,260.0,163.0,PHI,GB,34,29,False,0
2024_01_GB_PHI,38.0,36.0,2.0,278.0,144.0,PHI,GB,34,29,True,1
2024_01_HOU_IND,41.0,36.0,4.0,234.0,213.0,IND,HOU,27,29,False,1
2024_01_HOU_IND,23.0,21.0,2.0,212.0,104.0,IND,HOU,27,29,True,0
2024_01_JAX_MIA,26.0,24.0,3.0,162.0,128.0,MIA,JAX,20,17,False,0
2024_01_JAX_MIA,25.0,40.0,3.0,338.0,81.0,MIA,JAX,20,17,True,1
2024_01_LA_DET,31.0,30.0,2.0,217.0,163.0,DET,LA,26,20,True,1
2024_01_LA_DET,23.0,51.0,2.0,317.0,83.0,DET,LA,26,20,False,0
2024_01_LV_LAC,28.0,27.0,1.0,144.0,176.0,LAC,LV,22,10,True,1
2024_01_LV_LAC,22.0,37.0,4.0,257.0,71.0,LAC,LV,22,10,False,0
2024_01_MIN_NYG,26.0,25.0,1.0,208.0,111.0,NYG,MIN,6,28,False,1
2024_01_MIN_NYG,21.0,47.0,5.0,186.0,74.0,NYG,MIN,6,28,True,0
2024_01_NE_CIN,16.0,32.0,3.0,164.0,70.0,CIN,NE,10,16,True,0
2024_01_NE_CIN,39.0,25.0,1.0,121.0,170.0,CIN,NE,10,16,False,1
2024_01_NYJ_SF,20.0,31.0,1.0,203.0,68.0,SF,NYJ,32,19,False,0
2024_01_NYJ_SF,38.0,32.0,3.0,231.0,180.0,SF,NYJ,32,19,True,1
2024_01_PIT_ATL,22.0,28.0,2.0,155.0,89.0,ATL,PIT,10,18,True,0
2024_01_PIT_ATL,41.0,25.0,2.0,156.0,137.0,ATL,PIT,10,18,False,1
2024_01_TEN_CHI,22.0,32.0,2.0,93.0,84.0,CHI,TEN,24,17,True,1
2024_01_TEN_CHI,26.0,35.0,3.0,127.0,140.0,CHI,TEN,24,17,False,0
2024_01_WAS_TB,30.0,31.0,1.0,289.0,112.0,TB,WAS,37,20,True,1
2024_01_WAS_TB,30.0,27.0,2.0,184.0,138.0,TB,WAS,37,20,False,0
2024_02_ATL_PHI,28.0,31.0,1.0,241.0,152.0,PHI,ATL,21,22,False,1
2024_02_ATL_PHI,38.0,31.0,1.0,183.0,186.0,PHI,ATL,21,22,True,0
2024_02_BUF_MIA,26.0,19.0,0.0,139.0,108.0,MIA,BUF,10,31,False,1
2024_02_BUF_MIA,34.0,41.0,2.0,225.0,139.0,MIA,BUF,10,31,True,0
2024_02_CHI_HOU,22.0,44.0,7.0,174.0,71.0,HOU,CHI,19,13,False,0
2024_02_CHI_HOU,22.0,39.0,3.0,260.0,75.0,HOU,CHI,19,13,True,1
2024_02_CIN_KC,22.0,39.0,3.0,258.0,74.0,KC,CIN,26,25,False,0
2024_02_CIN_KC,32.0,28.0,2.0,151.0,149.0,KC,CIN,26,25,True,1
2024_02_CLE_JAX,29.0,36.0,2.0,186.0,125.0,JAX,CLE,13,18,False,1
2024_02_CLE_JAX,21.0,34.0,4.0,220.0,127.0,JAX,CLE,13,18,True,0
2024_02_IND_GB,53.0,14.0,0.0,122.0,261.0,GB,IND,16,10,True,1
2024_02_IND_GB,18.0,35.0,1.0,204.0,140.0,GB,IND,16,10,False,0
2024_02_LAC_CAR,18.0,28.0,2.0,84.0,90.0,CAR,LAC,3,26,True,0
2024_02_LAC_CAR,44.0,21.0,1.0,130.0,219.0,CAR,LAC,3,26,False,1
2024_02_LA_ARI,40.0,22.0,1.0,266.0,231.0,ARI,LA,41,10,True,1
2024_02_LA_ARI,20.0,32.0,5.0,216.0,53.0,ARI,LA,41,10,False,0
2024_02_LV_BAL,27.0,36.0,2.0,247.0,146.0,BAL,LV,23,26,True,0
2024_02_LV_BAL,17.0,43.0,5.0,276.0,27.0,BAL,LV,23,26,False,1
2024_02_NO_DAL,21.0,45.0,3.0,299.0,68.0,DAL,NO,19,44,True,0
2024_02_NO_DAL,39.0,17.0,1.0,243.0,190.0,DAL,NO,19,44,False,1
2024_02_NYG_WAS,22.0,31.0,1.0,178.0,129.0,WAS,NYG,21,18,False,0
2024_02_NYG_WAS,35.0,34.0,5.0,226.0,215.0,WAS,NYG,21,18,True,1
2024_02_NYJ_TEN,24.0,32.0,2.0,176.0,101.0,TEN,NYJ,17,24,False,1
2024_02_NYJ_TEN,28.0,32.0,4.0,192.0,130.0,TEN,NYJ,17,24,True,0
2024_02_PIT_DEN,19.0,37.0,2.0,246.0,64.0,DEN,PIT,6,13,True,0
2024_02_PIT_DEN,36.0,22.0,2.0,117.0,141.0,DEN,PIT,6,13,False,1
2024_02_SEA_NE,36.0,30.0,3.0,149.0,185.0,NE,SEA,20,23,True,0
2024_02_SEA_NE,19.0,47.0,3.0,327.0,46.0,NE,SEA,20,23,False,1
2024_02_SF_MIN,24.0,30.0,4.0,268.0,146.0,MIN,SF,23,17,True,1
2024_02_SF_MIN,25.0,42.0,6.0,319.0,102.0,MIN,SF,23,17,False,0
2024_02_TB_DET,27.0,56.0,0.0,324.0,139.0,DET,TB,16,20,True,0
2024_02_TB_DET,23.0,24.0,5.0,185.0,70.0,DET,TB,16,20,False,1
2024_03_BAL_DAL,45.0,15.0,0.0,182.0,274.0,DAL,BAL,25,28,False,1
2024_03_BAL_DAL,16.0,56.0,3.0,379.0,51.0,DAL,BAL,25,28,True,0
2024_03_CAR_LV,31.0,40.0,2.0,319.0,131.0,LV,CAR,22,36,False,1
2024_03_CAR_LV,16.0,44.0,3.0,296.0,55.0,LV,CAR,22,36,True,0
2024_03_CHI_IND,28.0,57.0,4.0,363.0,63.0,IND,CHI,21,16,False,0
2024_03_CHI_IND,33.0,21.0,1.0,167.0,150.0,IND,CHI,21,16,True,1
2024_03_DEN_TB,28.0,36.0,0.0,216.0,136.0,TB,DEN,7,26,False,1
2024_03_DEN_TB,16.0,40.0,7.0,163.0,91.0,TB,DEN,7,26,True,0
2024_03_DET_ARI,18.0,35.0,1.0,207.0,77.0,ARI,DET,13,20,True,0
2024_03_DET_ARI,43.0,25.0,2.0,199.0,187.0,ARI,DET,13,20,False,1
2024_03_GB_TEN,37.0,22.0,3.0,202.0,188.0,TEN,GB,14,30,False,1
2024_03_GB_TEN,11.0,42.0,8.0,260.0,33.0,TEN,GB,14,30,True,0
2024_03_HOU_MIN,14.0,49.0,5.0,307.0,38.0,MIN,HOU,34,7,False,0
2024_03_HOU_MIN,28.0,32.0,4.0,181.0,118.0,MIN,HOU,34,7,True,1
2024_03_JAX_BUF,29.0,31.0,0.0,266.0,122.0,BUF,JAX,47,10,True,1
2024_03_JAX_BUF,17.0,51.0,5.0,200.0,92.0,BUF,JAX,47,10,False,0
2024_03_KC_ATL,25.0,31.0,2.0,230.0,82.0,ATL,KC,17,22,True,0
2024_03_KC_ATL,33.0,39.0,0.0,217.0,128.0,ATL,KC,17,22,False,1
2024_03_LAC_PIT,20.0,25.0,5.0,149.0,61.0,PIT,LAC,20,10,False,0
2024_03_LAC_PIT,31.0,34.0,2.0,245.0,114.0,PIT,LAC,20,10,True,1
2024_03_MIA_SEA,18.0,38.0,6.0,186.0,65.0,SEA,MIA,24,3,False,0
2024_03_MIA_SEA,23.0,37.0,3.0,289.0,100.0,SEA,MIA,24,3,True,1
2024_03_NE_NYJ,15.0,33.0,7.0,120.0,78.0,NYJ,NE,24,3,False,0
2024_03_NE_NYJ,33.0,37.0,2.0,281.0,133.0,NYJ,NE,24,3,True,1
2024_03_NYG_CLE,18.0,46.0,8.0,196.0,69.0,CLE,NYG,15,21,True,0
2024_03_NYG_CLE,32.0,37.0,2.0,236.0,112.0,CLE,NYG,15,21,False,1
2024_03_PHI_NO,29.0,27.0,1.0,142.0,89.0,NO,PHI,12,15,True,0
2024_03_PHI_NO,26.0,42.0,4.0,311.0,172.0,NO,PHI,12,15,False,1
2024_03_SF_LA,26.0,29.0,3.0,221.0,98.0,LA,SF,27,24,True,1
2024_03_SF_LA,34.0,31.0,1.0,292.0,137.0,LA,SF,27,24,False,0
2024_03_WAS_CIN,20.0,41.0,2.0,324.0,124.0,CIN,WAS,33,38,True,0
2024_03_WAS_CIN,32.0,25.0,2.0,254.0,108.0,CIN,WAS,33,38,False,1
2024_04_BUF_BAL,34.0,20.0,1.0,157.0,271.0,BAL,BUF,35,10,True,1
2024_04_BUF_BAL,23.0,34.0,3.0,182.0,81.0,BAL,BUF,35,10,False,0
2024_04_CIN_CAR,29.0,41.0,0.0,220.0,155.0,CAR,CIN,24,34,True,0
2024_04_CIN_CAR,31.0,31.0,0.0,232.0,141.0,CAR,CIN,24,34,False,1
2024_04_CLE_LV,22.0,35.0,3.0,176.0,92.0,LV,CLE,20,16,False,0
2024_04_CLE_LV,29.0,26.0,2.0,130.0,152.0,LV,CLE,20,16,True,1
2024_04_DAL_NYG,23.0,28.0,1.0,221.0,80.0,NYG,DAL,15,20,False,1
2024_04_DAL_NYG,24.0,41.0,1.0,281.0,26.0,NYG,DAL,15,20,True,0
2024_04_DEN_NYJ,31.0,25.0,0.0,60.0,126.0,NYJ,DEN,9,10,False,1
2024_04_DEN_NYJ,23.0,47.0,5.0,225.0,64.0,NYJ,DEN,9,10,True,0
2024_04_JAX_HOU,26.0,42.0,2.0,345.0,101.0,HOU,JAX,24,20,True,1
2024_04_JAX_HOU,24.0,34.0,1.0,169.0,158.0,HOU,JAX,24,20,False,0
2024_04_KC_LAC,26.0,32.0,3.0,245.0,101.0,LAC,KC,10,17,False,1
2024_04_KC_LAC,24.0,29.0,2.0,179.0,55.0,LAC,KC,10,17,True,0
2024_04_LA_CHI,28.0,26.0,3.0,157.0,131.0,CHI,LA,24,18,True,1
2024_04_LA_CHI,26.0,33.0,3.0,224.0,119.0,CHI,LA,24,18,False,0
2024_04_MIN_GB,19.0,56.0,1.0,389.0,86.0,GB,MIN,29,31,True,0
2024_04_MIN_GB,34.0,30.0,2.0,275.0,120.0,GB,MIN,29,31,False,1
2024_04_NE_SF,24.0,38.0,6.0,168.0,73.0,SF,NE,30,13,False,0
2024_04_NE_SF,32.0,28.0,1.0,288.0,148.0,SF,NE,30,13,True,1
2024_04_NO_ATL,15.0,36.0,1.0,238.0,88.0,ATL,NO,26,24,True,1
2024_04_NO_ATL,33.0,37.0,1.0,239.0,131.0,ATL,NO,26,24,False,0
2024_04_PHI_TB,20.0,36.0,6.0,158.0,113.0,TB,PHI,33,16,False,0
2024_04_PHI_TB,25.0,49.0,2.0,347.0,111.0,TB,PHI,33,16,True,1
2024_04_PIT_IND,32.0,32.0,2.0,239.0,133.0,IND,PIT,27,24,True,1
2024_04_PIT_IND,30.0,38.0,4.0,312.0,122.0,IND,PIT,27,24,False,0
2024_04_SEA_DET,28.0,22.0,3.0,299.0,116.0,DET,SEA,42,29,True,1
2024_04_SEA_DET,19.0,60.0,3.0,395.0,133.0,DET,SEA,42,29,False,0
2024_04_TEN_MIA,30.0,25.0,2.0,96.0,106.0,MIA,TEN,12,31,True,0
2024_04_TEN_MIA,40.0,22.0,1.0,110.0,142.0,MIA,TEN,12,31,False,1
2024_04_WAS_ARI,32.0,26.0,4.0,142.0,181.0,ARI,WAS,14,42,True,0
2024_04_WAS_ARI,37.0,31.0,0.0,233.0,216.0,ARI,WAS,14,42,False,1
2024_05_ARI_SF,27.0,31.0,1.0,195.0,169.0,SF,ARI,23,24,False,1
2024_05_ARI_SF,26.0,37.0,2.0,244.0,153.0,SF,ARI,23,24,True,0
2024_05_BAL_CIN,34.0,43.0,1.0,348.0,175.0,CIN,BAL,38,41,False,1
2024_05_BAL_CIN,24.0,42.0,3.0,392.0,71.0,CIN,BAL,38,41,True,0
2024_05_BUF_HOU,28.0,31.0,1.0,131.0,150.0,HOU,BUF,23,20,False,0
2024_05_BUF_HOU,28.0,39.0,1.0,331.0,94.0,HOU,BUF,23,20,True,1
2024_05_CAR_CHI,19.0,39.0,4.0,194.0,120.0,CHI,CAR,36,10,False,0
2024_05_CAR_CHI,39.0,31.0,1.0,304.0,128.0,CHI,CAR,36,10,True,1
2024_05_CLE_WAS,23.0,36.0,7.0,141.0,104.0,WAS,CLE,34,13,False,0
2024_05_CLE_WAS,34.0,31.0,3.0,236.0,215.0,WAS,CLE,34,13,True,1
2024_05_DAL_PIT,31.0,44.0,2.0,352.0,109.0,PIT,DAL,17,20,False,1
2024_05_DAL_PIT,26.0,31.0,3.0,150.0,92.0,PIT,DAL,17,20,True,0
2024_05_GB_LA,30.0,28.0,2.0,224.0,126.0,LA,GB,19,24,False,1
2024_05_GB_LA,29.0,48.0,3.0,260.0,134.0,LA,GB,19,24,True,0
2024_05_IND_JAX,20.0,49.0,4.0,383.0,99.0,JAX,IND,37,34,False,0
2024_05_IND_JAX,23.0,34.0,0.0,371.0,126.0,JAX,IND,37,34,True,1
2024_05_LV_DEN,28.0,30.0,3.0,206.0,109.0,DEN,LV,34,18,True,1
2024_05_LV_DEN,26.0,40.0,3.0,231.0,115.0,DEN,LV,34,18,False,0
2024_05_MIA_NE,41.0,35.0,3.0,194.0,193.0,NE,MIA,10,15,False,1
2024_05_MIA_NE,19.0,36.0,2.0,160.0,151.0,NE,MIA,10,15,True,0
2024_05_NO_KC,39.0,41.0,2.0,331.0,139.0,KC,NO,26,13,True,1
2024_05_NO_KC,15.0,36.0,1.0,182.0,46.0,KC,NO,26,13,False,0
2024_05_NYG_SEA,35.0,37.0,3.0,257.0,175.0,SEA,NYG,20,29,False,1
2024_05_NYG_SEA,11.0,47.0,7.0,284.0,102.0,SEA,NYG,20,29,True,0
2024_05_NYJ_MIN,30.0,36.0,4.0,203.0,82.0,MIN,NYJ,23,17,True,1
2024_05_NYJ_MIN,14.0,57.0,3.0,244.0,36.0,MIN,NYJ,23,17,False,0
2024_05_TB_ATL,18.0,63.0,4.0,509.0,73.0,ATL,TB,36,30,True,1
2024_05_TB_ATL,26.0,25.0,1.0,180.0,160.0,ATL,TB,36,30,False,0
2024_06_ARI_GB,23.0,32.0,0.0,214.0,89.0,GB,ARI,34,13,False,0
2024_06_ARI_GB,38.0,32.0,0.0,258.0,179.0,GB,ARI,34,13,True,1
2024_06_ATL_CAR,39.0,30.0,0.0,225.0,198.0,CAR,ATL,20,38,False,1
2024_06_ATL_CAR,24.0,38.0,0.0,221.0,114.0,CAR,ATL,20,38,True,0
2024_06_BUF_NYJ,33.0,27.0,2.0,215.0,149.0,NYJ,BUF,20,23,False,1
2024_06_BUF_NYJ,21.0,38.0,3.0,294.0,121.0,NYJ,BUF,20,23,True,0
2024_06_CIN_NYG,20.0,32.0,4.0,208.0,121.0,NYG,CIN,7,17,False,1
2024_06_CIN_NYG,31.0,43.0,2.0,205.0,119.0,NYG,CIN,7,17,True,0
2024_06_CLE_PHI,25.0,28.0,5.0,168.0,100.0,PHI,CLE,20,16,False,0
2024_06_CLE_PHI,36.0,26.0,1.0,264.0,116.0,PHI,CLE,20,16,True,1
2024_06_DET_DAL,17.0,48.0,4.0,224.0,53.0,DAL,DET,9,47,True,0
2024_06_DET_DAL,36.0,30.0,3.0,334.0,184.0,DAL,DET,9,47,False,1
2024_06_HOU_NE,28.0,34.0,2.0,192.0,192.0,NE,HOU,21,41,False,1
2024_06_HOU_NE,26.0,37.0,4.0,243.0,82.0,NE,HOU,21,41,True,0
2024_06_IND_TEN,28.0,38.0,0.0,189.0,80.0,TEN,IND,17,20,False,1
2024_06_IND_TEN,28.0,27.0,0.0,95.0,146.0,TEN,IND,17,20,True,0
2024_06_JAX_CHI,29.0,32.0,3.0,226.0,152.0,CHI,JAX,35,16,True,1
2024_06_JAX_CHI,20.0,41.0,4.0,240.0,68.0,CHI,JAX,35,16,False,0
2024_06_LAC_DEN,18.0,36.0,2.0,216.0,110.0,DEN,LAC,16,23,True,0
2024_06_LAC_DEN,38.0,37.0,3.0,237.0,128.0,DEN,LAC,16,23,False,1
2024_06_PIT_LV,19.0,42.0,1.0,227.0,57.0,LV,PIT,13,32,True,0
2024_06_PIT_LV,35.0,28.0,3.0,145.0,183.0,LV,PIT,13,32,False,1
2024_06_SF_SEA,20.0,53.0,1.0,312.0,52.0,SEA,SF,24,36,True,0
2024_06_SF_SEA,34.0,28.0,0.0,255.0,228.0,SEA,SF,24,36,False,1
2024_06_TB_NO,21.0,45.0,5.0,243.0,81.0,NO,TB,27,51,True,0
2024_06_TB_NO,35.0,38.0,1.0,325.0,277.0,NO,TB,27,51,False,1
2024_06_WAS_BAL,37.0,28.0,2.0,323.0,176.0,BAL,WAS,30,23,True,1
2024_06_WAS_BAL,18.0,38.0,3.0,269.0,52.0,BAL,WAS,30,23,False,0
2024_07_BAL_TB,30.0,24.0,2.0,281.0,244.0,TB,BAL,31,41,False,1
2024_07_BAL_TB,30.0,50.0,3.0,370.0,125.0,TB,BAL,31,41,True,0
2024_07_CAR_WAS,23.0,20.0,2.0,89.0,95.0,WAS,CAR,40,7,False,0
2024_07_CAR_WAS,37.0,26.0,1.0,211.0,213.0,WAS,CAR,40,7,True,1
2024_07_CIN_CLE,25.0,28.0,3.0,181.0,59.0,CLE,CIN,14,21,False,1
2024_07_CIN_CLE,21.0,57.0,4.0,277.0,77.0,CLE,CIN,14,21,True,0
2024_07_DEN_NO,35.0,26.0,0.0,164.0,225.0,NO,DEN,10,33,False,1
2024_07_DEN_NO,21.0,45.0,6.0,210.0,97.0,NO,DEN,10,33,True,0
2024_07_DET_MIN,27.0,29.0,4.0,280.0,144.0,MIN,DET,29,31,False,1
2024_07_DET_MIN,21.0,32.0,4.0,259.0,139.0,MIN,DET,29,31,True,0
2024_07_HOU_GB,20.0,36.0,3.0,220.0,82.0,GB,HOU,24,22,True,1
2024_07_HOU_GB,34.0,25.0,4.0,86.0,142.0,GB,HOU,24,22,False,0
2024_07_KC_SF,39.0,29.0,2.0,154.0,184.0,SF,KC,18,28,False,1
2024_07_KC_SF,24.0,33.0,1.0,212.0,101.0,SF,KC,18,28,True,0
2024_07_LAC_ARI,29.0,26.0,0.0,145.0,181.0,ARI,LAC,17,15,True,1
2024_07_LAC_ARI,22.0,42.0,3.0,349.0,59.0,ARI,LAC,17,15,False,0
2024_07_LV_LA,28.0,24.0,1.0,154.0,115.0,LA,LV,20,15,True,1
2024_07_LV_LA,29.0,46.0,2.0,206.0,122.0,LA,LV,20,15,False,0
2024_07_MIA_IND,37.0,24.0,0.0,129.0,155.0,IND,MIA,16,10,True,1
2024_07_MIA_IND,40.0,28.0,2.0,161.0,188.0,IND,MIA,16,10,False,0
2024_07_NE_JAX,39.0,21.0,0.0,193.0,171.0,JAX,NE,32,16,True,1
2024_07_NE_JAX,15.0,40.0,2.0,276.0,38.0,JAX,NE,32,16,False,0
2024_07_NYJ_PIT,15.0,41.0,1.0,276.0,54.0,PIT,NYJ,37,15,False,0
2024_07_NYJ_PIT,36.0,30.0,1.0,264.0,149.0,PIT,NYJ,37,15,True,1
2024_07_PHI_NYG,18.0,37.0,8.0,105.0,76.0,NYG,PHI,3,28,True,0
2024_07_PHI_NYG,45.0,20.0,5.0,114.0,269.0,NYG,PHI,3,28,False,1
2024_07_SEA_ATL,32.0,39.0,3.0,246.0,155.0,ATL,SEA,14,34,True,0
2024_07_SEA_ATL,26.0,30.0,1.0,242.0,103.0,ATL,SEA,14,34,False,1
2024_07_TEN_BUF,20.0,34.0,1.0,323.0,74.0,BUF,TEN,34,10,True,1
2024_07_TEN_BUF,24.0,43.0,3.0,215.0,89.0,BUF,TEN,34,10,False,0
2024_08_ARI_MIA,27.0,36.0,0.0,307.0,82.0,MIA,ARI,27,28,False,1
2024_08_ARI_MIA,25.0,39.0,1.0,234.0,150.0,MIA,ARI,27,28,True,0
2024_08_ATL_TB,29.0,31.0,2.0,276.0,129.0,TB,ATL,26,31,False,1
2024_08_ATL_TB,22.0,50.0,0.0,330.0,102.0,TB,ATL,26,31,True,0
2024_08_BAL_CLE,21.0,41.0,3.0,289.0,124.0,CLE,BAL,29,24,False,0
2024_08_BAL_CLE,23.0,44.0,2.0,334.0,80.0,CLE,BAL,29,24,True,1
2024_08_BUF_SEA,34.0,35.0,1.0,283.0,164.0,SEA,BUF,10,31,False,1
2024_08_BUF_SEA,17.0,30.0,1.0,212.0,32.0,SEA,BUF,10,31,True,0
2024_08_CAR_DEN,20.0,40.0,2.0,224.0,69.0,DEN,CAR,28,14,False,0
2024_08_CAR_DEN,32.0,41.0,2.0,315.0,102.0,DEN,CAR,28,14,True,1
2024_08_CHI_WAS,33.0,28.0,3.0,131.0,202.0,WAS,CHI,18,15,False,0
2024_08_CHI_WAS,32.0,40.0,2.0,326.0,168.0,WAS,CHI,18,15,True,1
2024_08_DAL_SF,19.0,40.0,2.0,243.0,56.0,SF,DAL,30,24,False,0
2024_08_DAL_SF,36.0,28.0,2.0,260.0,223.0,SF,DAL,30,24,True,1
2024_08_GB_JAX,39.0,28.0,1.0,252.0,170.0,JAX,GB,27,30,False,1
2024_08_GB_JAX,23.0,33.0,1.0,308.0,91.0,JAX,GB,27,30,True,0
2024_08_IND_HOU,29.0,39.0,2.0,285.0,96.0,HOU,IND,23,20,True,1
2024_08_IND_HOU,26.0,37.0,5.0,175.0,150.0,HOU,IND,23,20,False,0
2024_08_KC_LV,29.0,39.0,1.0,262.0,82.0,LV,KC,20,27,False,1
2024_08_KC_LV,21.0,35.0,5.0,209.0,33.0,LV,KC,20,27,True,0
2024_08_MIN_LA,32.0,34.0,0.0,279.0,107.0,LA,MIN,30,20,True,1
2024_08_MIN_LA,22.0,28.0,3.0,240.0,64.0,LA,MIN,30,20,False,0
2024_08_NO_LAC,29.0,35.0,3.0,279.0,122.0,LAC,NO,26,8,True,1
2024_08_NO_LAC,21.0,47.0,5.0,281.0,117.0,LAC,NO,26,8,False,0
2024_08_NYG_PIT,25.0,43.0,4.0,264.0,157.0,PIT,NYG,26,18,False,0
2024_08_NYG_PIT,31.0,32.0,4.0,278.0,167.0,PIT,NYG,26,18,True,1
2024_08_NYJ_NE,31.0,33.0,2.0,155.0,112.0,NE,NYJ,25,22,True,1
2024_08_NYJ_NE,28.0,30.0,1.0,233.0,112.0,NE,NYJ,25,22,False,0
2024_08_PHI_CIN,20.0,38.0,1.0,234.0,58.0,CIN,PHI,17,37,True,0
2024_08_PHI_CIN,39.0,20.0,0.0,236.0,161.0,CIN,PHI,17,37,False,1
2024_08_TEN_DET,24.0,23.0,4.0,94.0,164.0,DET,TEN,52,14,True,1
2024_08_TEN_DET,32.0,39.0,1.0,266.0,158.0,DET,TEN,52,14,False,0
2024_09_CHI_ARI,34.0,23.0,3.0,154.0,213.0,ARI,CHI,29,9,True,1
2024_09_CHI_ARI,23.0,47.0,6.0,217.0,69.0,ARI,CHI,29,9,False,0
2024_09_DAL_ATL,30.0,27.0,2.0,222.0,100.0,ATL,DAL,27,21,True,1
2024_09_DAL_ATL,21.0,54.0,3.0,248.0,137.0,ATL,DAL,27,21,False,0
2024_09_DEN_BAL,34.0,20.0,1.0,280.0,127.0,BAL,DEN,41,10,True,1
2024_09_DEN_BAL,30.0,38.0,4.0,225.0,122.0,BAL,DEN,41,10,False,0
2024_09_DET_GB,32.0,23.0,1.0,145.0,124.0,GB,DET,14,24,False,1
2024_09_DET_GB,23.0,40.0,0.0,273.0,138.0,GB,DET,14,24,True,0
2024_09_HOU_NYJ,36.0,39.0,8.0,191.0,187.0,NYJ,HOU,21,13,False,0
2024_09_HOU_NYJ,21.0,34.0,2.0,211.0,100.0,NYJ,HOU,21,13,True,1
2024_09_IND_MIN,19.0,30.0,3.0,179.0,68.0,MIN,IND,21,13,False,0
2024_09_IND_MIN,32.0,39.0,4.0,312.0,133.0,MIN,IND,21,13,True,1
2024_09_JAX_PHI,18.0,35.0,2.0,169.0,60.0,PHI,JAX,28,23,False,0
2024_09_JAX_PHI,48.0,28.0,3.0,230.0,237.0,PHI,JAX,28,23,True,1
2024_09_LAC_CLE,24.0,52.0,6.0,235.0,79.0,CLE,LAC,10,27,True,0
2024_09_LAC_CLE,23.0,33.0,6.0,282.0,96.0,CLE,LAC,10,27,False,1
2024_09_LA_SEA,24.0,44.0,0.0,298.0,68.0,SEA,LA,20,26,False,1
2024_09_LA_SEA,33.0,41.0,7.0,363.0,107.0,SEA,LA,20,26,True,0
2024_09_LV_CIN,31.0,40.0,1.0,251.0,130.0,CIN,LV,41,24,True,1
2024_09_LV_CIN,21.0,38.0,5.0,198.0,60.0,CIN,LV,41,24,False,0
2024_09_MIA_BUF,19.0,41.0,1.0,235.0,94.0,BUF,MIA,30,27,True,1
2024_09_MIA_BUF,31.0,29.0,1.0,231.0,149.0,BUF,MIA,30,27,False,0
2024_09_NE_TEN,20.0,45.0,4.0,206.0,110.0,TEN,NE,20,17,False,0
2024_09_NE_TEN,39.0,34.0,1.0,240.0,167.0,TEN,NE,20,17,True,1
2024_09_NO_CAR,23.0,28.0,1.0,171.0,80.0,CAR,NO,23,22,True,1
2024_09_NO_CAR,41.0,34.0,1.0,236.0,197.0,CAR,NO,23,22,False,0
2024_09_TB_KC,35.0,48.0,4.0,291.0,124.0,KC,TB,30,24,True,1
2024_09_TB_KC,19.0,33.0,2.0,200.0,95.0,KC,TB,30,24,False,0
2024_09_WAS_NYG,31.0,30.0,2.0,174.0,164.0,NYG,WAS,22,27,True,0
2024_09_WAS_NYG,38.0,22.0,0.0,209.0,149.0,NYG,WAS,22,27,False,1
2024_10_ATL_NO,32.0,41.0,3.0,306.0,181.0,NO,ATL,20,17,False,0
2024_10_ATL_NO,27.0,25.0,0.0,269.0,96.0,NO,ATL,20,17,True,1
2024_10_BUF_IND,31.0,39.0,2.0,280.0,135.0,IND,BUF,20,30,False,1
2024_10_BUF_IND,22.0,39.0,4.0,272.0,121.0,IND,BUF,20,30,True,0
2024_10_CIN_BAL,26.0,33.0,0.0,290.0,99.0,BAL,CIN,35,34,True,1
2024_10_CIN_BAL,16.0,60.0,3.0,428.0,49.0,BAL,CIN,35,34,False,0
2024_10_DEN_KC,23.0,32.0,2.0,215.0,78.0,KC,DEN,16,14,False,0
2024_10_DEN_KC,19.0,46.0,4.0,266.0,57.0,KC,DEN,16,14,True,1
2024_10_DET_HOU,33.0,30.0,0.0,240.0,105.0,HOU,DET,23,26,False,1
2024_10_DET_HOU,28.0,37.0,4.0,232.0,56.0,HOU,DET,23,26,True,0
2024_10_MIA_LA,18.0,50.0,4.0,293.0,70.0,LA,MIA,15,23,True,0
2024_10_MIA_LA,22.0,31.0,3.0,207.0,67.0,LA,MIA,15,23,False,1
2024_10_MIN_JAX,18.0,25.0,3.0,111.0,56.0,JAX,MIN,7,12,True,0
2024_10_MIN_JAX,43.0,39.0,1.0,241.0,169.0,JAX,MIN,7,12,False,1
2024_10_NE_CHI,20.0,39.0,9.0,120.0,73.0,CHI,NE,3,19,True,0
2024_10_NE_CHI,35.0,26.0,1.0,184.0,144.0,CHI,NE,3,19,False,1
2024_10_NYG_CAR,32.0,26.0,1.0,126.0,188.0,CAR,NYG,20,17,True,1
2024_10_NYG_CAR,34.0,39.0,2.0,190.0,167.0,CAR,NYG,20,17,False,0
2024_10_NYJ_ARI,32.0,25.0,1.0,266.0,147.0,ARI,NYJ,31,6,True,1
2024_10_NYJ_ARI,17.0,38.0,3.0,151.0,79.0,ARI,NYJ,31,6,False,0
2024_10_PHI_DAL,24.0,32.0,3.0,66.0,97.0,DAL,PHI,6,34,True,0
2024_10_PHI_DAL,38.0,27.0,5.0,207.0,187.0,DAL,PHI,6,34,False,1
2024_10_PIT_WAS,43.0,32.0,3.0,195.0,140.0,WAS,PIT,27,28,False,1
2024_10_PIT_WAS,22.0,37.0,3.0,202.0,60.0,WAS,PIT,27,28,True,0
2024_10_SF_TB,22.0,39.0,3.0,353.0,75.0,TB,SF,20,23,False,1
2024_10_SF_TB,27.0,31.0,2.0,116.0,110.0,TB,SF,20,23,True,0
2024_10_TEN_LAC,39.0,18.0,0.0,164.0,145.0,LAC,TEN,27,17,True,1
2024_10_TEN_LAC,21.0,30.0,7.0,175.0,132.0,LAC,TEN,27,17,False,0
2024_11_ATL_DEN,21.0,35.0,4.0,197.0,50.0,DEN,ATL,38,6,False,0
2024_11_ATL_DEN,26.0,34.0,1.0,307.0,105.0,DEN,ATL,38,6,True,1
2024_11_BAL_PIT,19.0,36.0,2.0,207.0,124.0,PIT,BAL,18,16,False,0
2024_11_BAL_PIT,34.0,40.0,4.0,205.0,122.0,PIT,BAL,18,16,True,1
2024_11_CIN_LAC,25.0,53.0,3.0,356.0,110.0,LAC,CIN,34,27,False,0
2024_11_CIN_LAC,25.0,38.0,2.0,297.0,155.0,LAC,CIN,34,27,True,1
2024_11_CLE_NO,20.0,52.0,3.0,395.0,66.0,NO,CLE,35,14,False,0
2024_11_CLE_NO,28.0,30.0,1.0,266.0,214.0,NO,CLE,35,14,True,1
2024_11_GB_CHI,34.0,35.0,3.0,231.0,179.0,CHI,GB,19,20,True,0
2024_11_GB_CHI,26.0,18.0,1.0,261.0,106.0,CHI,GB,19,20,False,1
2024_11_HOU_DAL,18.0,61.0,5.0,358.0,64.0,DAL,HOU,10,34,True,0
2024_11_HOU_DAL,25.0,35.0,1.0,257.0,141.0,DAL,HOU,10,34,False,1
2024_11_IND_NYJ,36.0,33.0,2.0,272.0,91.0,NYJ,IND,27,28,False,1
2024_11_IND_NYJ,20.0,32.0,3.0,184.0,91.0,NYJ,IND,27,28,True,0
2024_11_JAX_DET,43.0,33.0,0.0,449.0,196.0,DET,JAX,52,6,True,1
2024_11_JAX_DET,17.0,30.0,1.0,138.0,41.0,DET,JAX,52,6,False,0
2024_11_KC_BUF,31.0,40.0,0.0,262.0,104.0,BUF,KC,30,21,True,1
2024_11_KC_BUF,17.0,35.0,2.0,196.0,78.0,BUF,KC,30,21,False,0
2024_11_LA_NE,24.0,27.0,0.0,295.0,107.0,NE,LA,22,28,False,1
2024_11_LA_NE,30.0,43.0,3.0,282.0,125.0,NE,LA,22,28,True,0
2024_11_LV_MIA,17.0,46.0,3.0,282.0,60.0,MIA,LV,34,19,False,0
2024_11_LV_MIA,26.0,38.0,2.0,288.0,82.0,MIA,LV,34,19,True,1
2024_11_MIN_TEN,33.0,34.0,2.0,246.0,82.0,TEN,MIN,13,23,False,1
2024_11_MIN_TEN,19.0,36.0,5.0,295.0,33.0,TEN,MIN,13,23,True,0
2024_11_SEA_SF,23.0,36.0,4.0,221.0,94.0,SF,SEA,17,20,False,1
2024_11_SEA_SF,27.0,30.0,2.0,159.0,131.0,SF,SEA,17,20,True,0
2024_11_WAS_PHI,40.0,30.0,2.0,221.0,228.0,PHI,WAS,26,18,True,1
2024_11_WAS_PHI,28.0,36.0,3.0,191.0,93.0,PHI,WAS,26,18,False,0
